img_name,small_polyp,inv_area
data_lits/data_C3/images_C3/image60_slice185.jpg,True,3064.5358272589738
data_lits/data_C3/images_C3/image60_slice186.jpg,True,1286.1569246161544
data_lits/data_C3/images_C3/image60_slice187.jpg,False,688.928372668247
data_lits/data_C3/images_C3/image60_slice188.jpg,False,462.005971469645
data_lits/data_C3/images_C3/image60_slice189.jpg,False,376.34680779191535
data_lits/data_C3/images_C3/image60_slice190.jpg,False,289.84273579874343
data_lits/data_C3/images_C3/image60_slice191.jpg,False,243.38786314267927
data_lits/data_C3/images_C3/image60_slice192.jpg,False,243.114343904568
data_lits/data_C3/images_C3/image60_slice193.jpg,False,241.56371849308886
data_lits/data_C3/images_C3/image60_slice194.jpg,False,233.48324496510676
data_lits/data_C3/images_C3/image60_slice195.jpg,False,237.03754135506313
data_lits/data_C3/images_C3/image60_slice196.jpg,False,256.85085781253
data_lits/data_C3/images_C3/image60_slice197.jpg,False,324.0660283601988
data_lits/data_C3/images_C3/image60_slice198.jpg,False,414.04489371190726
data_lits/data_C3/images_C3/image60_slice199.jpg,False,773.3666527835624
data_lits/data_C3/images_C3/image60_slice200.jpg,True,1431.0701975979962
data_lits/data_C3/images_C3/image60_slice201.jpg,True,3331.5085970595565
data_lits/data_C3/images_C3/image61_slice145.jpg,True,1778.831794353229
data_lits/data_C3/images_C3/image61_slice146.jpg,True,1156.7578043884544
data_lits/data_C3/images_C3/image61_slice147.jpg,False,754.5798528017338
data_lits/data_C3/images_C3/image61_slice148.jpg,False,571.5251107197208
data_lits/data_C3/images_C3/image61_slice149.jpg,False,540.936104097883
data_lits/data_C3/images_C3/image61_slice150.jpg,False,612.8565927718797
data_lits/data_C3/images_C3/image61_slice151.jpg,False,872.4447924823805
data_lits/data_C3/images_C3/image61_slice152.jpg,True,2001.6385195831836
data_lits/data_C3/images_C3/image61_slice155.jpg,True,1692.4077168464228
data_lits/data_C3/images_C3/image61_slice156.jpg,True,1650.3732964645467
data_lits/data_C3/images_C3/image61_slice157.jpg,True,2710.5149622901627
data_lits/data_C3/images_C3/image62_slice111.jpg,True,2027.0095214991813
data_lits/data_C3/images_C3/image62_slice112.jpg,False,716.4707395498391
data_lits/data_C3/images_C3/image62_slice113.jpg,False,556.1291181364393
data_lits/data_C3/images_C3/image62_slice114.jpg,False,550.9223973099492
data_lits/data_C3/images_C3/image62_slice115.jpg,False,566.8771465642251
data_lits/data_C3/images_C3/image62_slice116.jpg,False,585.0506747886362
data_lits/data_C3/images_C3/image62_slice117.jpg,False,681.4626935663096
data_lits/data_C3/images_C3/image62_slice118.jpg,True,1647.4853974121995
data_lits/data_C3/images_C3/image62_slice119.jpg,True,2897.0581607003555
data_lits/data_C3/images_C3/image62_slice92.jpg,True,4756.419524690479
data_lits/data_C3/images_C3/image62_slice93.jpg,True,2921.494689917399
data_lits/data_C3/images_C3/image63_slice80.jpg,True,4602.81759966949
data_lits/data_C3/images_C3/image63_slice81.jpg,True,1119.0732246291893
data_lits/data_C3/images_C3/image63_slice82.jpg,True,1141.4887040863373
data_lits/data_C3/images_C3/image63_slice83.jpg,True,3380.536057449176
data_lits/data_C3/images_C3/image63_slice86.jpg,True,4113.138075313807
data_lits/data_C3/images_C3/image64_slice169.jpg,False,396.44351662950135
data_lits/data_C3/images_C3/image64_slice170.jpg,False,255.27753485654497
data_lits/data_C3/images_C3/image64_slice171.jpg,False,191.42160063228064
data_lits/data_C3/images_C3/image64_slice172.jpg,False,148.37516231063756
data_lits/data_C3/images_C3/image64_slice173.jpg,False,119.3028871466025
data_lits/data_C3/images_C3/image64_slice174.jpg,False,91.7956858716967
data_lits/data_C3/images_C3/image64_slice175.jpg,False,72.11983376560606
data_lits/data_C3/images_C3/image64_slice176.jpg,False,61.3102791703583
data_lits/data_C3/images_C3/image64_slice177.jpg,False,55.28373900163502
data_lits/data_C3/images_C3/image64_slice178.jpg,False,51.01794378058079
data_lits/data_C3/images_C3/image64_slice179.jpg,False,47.67723106154622
data_lits/data_C3/images_C3/image64_slice180.jpg,False,44.87381013117087
data_lits/data_C3/images_C3/image64_slice181.jpg,False,42.76449394038651
data_lits/data_C3/images_C3/image64_slice182.jpg,False,40.949988330059014
data_lits/data_C3/images_C3/image64_slice183.jpg,False,39.56340220524263
data_lits/data_C3/images_C3/image64_slice184.jpg,False,38.66678929585971
data_lits/data_C3/images_C3/image64_slice185.jpg,False,37.8950519162175
data_lits/data_C3/images_C3/image64_slice186.jpg,False,37.331439025861314
data_lits/data_C3/images_C3/image64_slice187.jpg,False,37.00086238103514
data_lits/data_C3/images_C3/image64_slice188.jpg,False,36.83209690429907
data_lits/data_C3/images_C3/image64_slice189.jpg,False,36.71942401782393
data_lits/data_C3/images_C3/image64_slice190.jpg,False,36.960436845696286
data_lits/data_C3/images_C3/image64_slice191.jpg,False,37.35350950228267
data_lits/data_C3/images_C3/image64_slice192.jpg,False,38.02901611235068
data_lits/data_C3/images_C3/image64_slice193.jpg,False,38.990092472588934
data_lits/data_C3/images_C3/image64_slice194.jpg,False,40.39045010522576
data_lits/data_C3/images_C3/image64_slice195.jpg,False,42.16647269768278
data_lits/data_C3/images_C3/image64_slice196.jpg,False,44.42324370052812
data_lits/data_C3/images_C3/image64_slice197.jpg,False,47.65225052983206
data_lits/data_C3/images_C3/image64_slice198.jpg,False,51.50950680213137
data_lits/data_C3/images_C3/image64_slice199.jpg,False,55.984683647985214
data_lits/data_C3/images_C3/image64_slice200.jpg,False,62.096983805686826
data_lits/data_C3/images_C3/image64_slice201.jpg,False,70.69395576678416
data_lits/data_C3/images_C3/image64_slice202.jpg,False,80.81591202541745
data_lits/data_C3/images_C3/image64_slice203.jpg,False,94.53336972492762
data_lits/data_C3/images_C3/image64_slice204.jpg,False,151.17672600955277
data_lits/data_C3/images_C3/image64_slice205.jpg,False,243.93230135966542
data_lits/data_C3/images_C3/image64_slice206.jpg,False,484.1439249087433
data_lits/data_C3/images_C3/image65_slice420.jpg,True,2373.481039625053
data_lits/data_C3/images_C3/image65_slice421.jpg,True,1358.0659054894152
data_lits/data_C3/images_C3/image65_slice422.jpg,True,1060.2512371526457
data_lits/data_C3/images_C3/image65_slice423.jpg,True,1035.9817125145294
data_lits/data_C3/images_C3/image65_slice424.jpg,True,1094.8248358091619
data_lits/data_C3/images_C3/image65_slice425.jpg,True,1293.3735778964476
data_lits/data_C3/images_C3/image65_slice426.jpg,True,1539.21849455433
data_lits/data_C3/images_C3/image65_slice427.jpg,True,1977.0701842595604
data_lits/data_C3/images_C3/image65_slice428.jpg,True,3070.5888837850252
data_lits/data_C3/images_C3/image66_slice58.jpg,True,1494.4827740392138
data_lits/data_C3/images_C3/image66_slice59.jpg,False,741.702949204447
data_lits/data_C3/images_C3/image66_slice60.jpg,True,2392.509663564782
data_lits/data_C3/images_C3/image66_slice77.jpg,False,917.2414171629298
data_lits/data_C3/images_C3/image66_slice78.jpg,False,361.04088576829594
data_lits/data_C3/images_C3/image66_slice79.jpg,False,381.71514715455504
data_lits/data_C3/images_C3/image67_slice125.jpg,True,3208.539886723624
data_lits/data_C3/images_C3/image67_slice126.jpg,True,1521.422036097139
data_lits/data_C3/images_C3/image67_slice127.jpg,True,1831.6177115300306
data_lits/data_C3/images_C3/image67_slice128.jpg,True,2652.1214044832373
data_lits/data_C3/images_C3/image68_slice128.jpg,False,771.1362849825807
data_lits/data_C3/images_C3/image68_slice129.jpg,False,581.2455002347702
data_lits/data_C3/images_C3/image68_slice130.jpg,False,284.7437180792381
data_lits/data_C3/images_C3/image68_slice131.jpg,False,325.71136220783205
data_lits/data_C3/images_C3/image68_slice132.jpg,False,343.2772388577062
data_lits/data_C3/images_C3/image68_slice133.jpg,False,357.1806722913583
data_lits/data_C3/images_C3/image68_slice134.jpg,False,507.633635321188
data_lits/data_C3/images_C3/image68_slice135.jpg,False,800.9048212402952
data_lits/data_C3/images_C3/image69_slice199.jpg,True,1969.78783592645
data_lits/data_C3/images_C3/image69_slice200.jpg,False,999.0243902439025
data_lits/data_C3/images_C3/image69_slice201.jpg,False,668.0596835930082
data_lits/data_C3/images_C3/image69_slice202.jpg,False,501.3290935135256
data_lits/data_C3/images_C3/image69_slice203.jpg,False,546.2047326447903
data_lits/data_C3/images_C3/image69_slice204.jpg,False,715.0528961865541
data_lits/data_C3/images_C3/image69_slice205.jpg,False,594.9546085656307
data_lits/data_C3/images_C3/image69_slice206.jpg,False,727.7417669152469
data_lits/data_C3/images_C3/image69_slice207.jpg,True,1655.1543813603387
data_lits/data_C3/images_C3/image70_slice257.jpg,True,3598.9404543986216
data_lits/data_C3/images_C3/image70_slice258.jpg,True,3301.0725925925926
data_lits/data_C3/images_C3/image70_slice260.jpg,True,1560.963945451149
data_lits/data_C3/images_C3/image70_slice261.jpg,False,665.9963535284096
data_lits/data_C3/images_C3/image70_slice262.jpg,False,474.3930168192464
data_lits/data_C3/images_C3/image70_slice263.jpg,False,295.8120516689752
data_lits/data_C3/images_C3/image70_slice264.jpg,False,210.85430939853893
data_lits/data_C3/images_C3/image70_slice265.jpg,False,189.08037653874004
data_lits/data_C3/images_C3/image70_slice266.jpg,False,151.19792632669402
data_lits/data_C3/images_C3/image70_slice267.jpg,False,132.78809079694642
data_lits/data_C3/images_C3/image70_slice268.jpg,False,116.60396315936367
data_lits/data_C3/images_C3/image70_slice269.jpg,False,118.9790615054927
data_lits/data_C3/images_C3/image70_slice270.jpg,False,113.81807284714088
data_lits/data_C3/images_C3/image70_slice271.jpg,False,116.37680427716624
data_lits/data_C3/images_C3/image70_slice272.jpg,False,114.18611285250392
data_lits/data_C3/images_C3/image70_slice273.jpg,False,114.25852237765108
data_lits/data_C3/images_C3/image70_slice274.jpg,False,116.7263336004987
data_lits/data_C3/images_C3/image70_slice275.jpg,False,121.58525117635183
data_lits/data_C3/images_C3/image70_slice276.jpg,False,112.56859274776829
data_lits/data_C3/images_C3/image70_slice277.jpg,False,113.73557605599774
data_lits/data_C3/images_C3/image70_slice278.jpg,False,117.27803363246403
data_lits/data_C3/images_C3/image70_slice279.jpg,False,76.125072171476
data_lits/data_C3/images_C3/image70_slice280.jpg,False,73.06435006153664
data_lits/data_C3/images_C3/image70_slice281.jpg,False,69.89680696555597
data_lits/data_C3/images_C3/image70_slice282.jpg,False,75.22658549074112
data_lits/data_C3/images_C3/image70_slice283.jpg,False,77.8986719867991
data_lits/data_C3/images_C3/image70_slice284.jpg,False,70.97430147667765
data_lits/data_C3/images_C3/image70_slice285.jpg,False,67.44706633746982
data_lits/data_C3/images_C3/image70_slice286.jpg,False,60.82969034939887
data_lits/data_C3/images_C3/image70_slice287.jpg,False,61.59432548830985
data_lits/data_C3/images_C3/image70_slice288.jpg,False,61.99545189807207
data_lits/data_C3/images_C3/image70_slice289.jpg,False,67.05405112608184
data_lits/data_C3/images_C3/image70_slice290.jpg,False,65.01328047726078
data_lits/data_C3/images_C3/image70_slice291.jpg,False,66.01930011170005
data_lits/data_C3/images_C3/image70_slice292.jpg,False,67.3961332784862
data_lits/data_C3/images_C3/image70_slice293.jpg,False,65.93555654411685
data_lits/data_C3/images_C3/image70_slice294.jpg,False,71.73926621671366
data_lits/data_C3/images_C3/image70_slice295.jpg,False,83.74567626855556
data_lits/data_C3/images_C3/image70_slice296.jpg,False,92.57997099895712
data_lits/data_C3/images_C3/image70_slice297.jpg,False,98.1103762867987
data_lits/data_C3/images_C3/image70_slice298.jpg,False,91.55592444519317
data_lits/data_C3/images_C3/image70_slice299.jpg,False,98.97030301056228
data_lits/data_C3/images_C3/image70_slice300.jpg,False,105.89612957189566
data_lits/data_C3/images_C3/image70_slice301.jpg,False,122.7861047434315
data_lits/data_C3/images_C3/image70_slice302.jpg,False,135.95629660062073
data_lits/data_C3/images_C3/image70_slice303.jpg,False,139.6451147924544
data_lits/data_C3/images_C3/image70_slice304.jpg,False,156.49288899813885
data_lits/data_C3/images_C3/image70_slice305.jpg,False,309.3080137147934
data_lits/data_C3/images_C3/image70_slice306.jpg,False,518.613755382288
data_lits/data_C3/images_C3/image70_slice307.jpg,False,772.597951965974
data_lits/data_C3/images_C3/image71_slice65.jpg,False,180.305225736496
data_lits/data_C3/images_C3/image71_slice66.jpg,False,106.06230137134098
data_lits/data_C3/images_C3/image71_slice67.jpg,False,75.34605656472753
data_lits/data_C3/images_C3/image71_slice68.jpg,False,67.87702536806181
data_lits/data_C3/images_C3/image71_slice69.jpg,False,59.00069021396633
data_lits/data_C3/images_C3/image71_slice70.jpg,False,42.302508468827185
data_lits/data_C3/images_C3/image71_slice71.jpg,False,37.13665403717736
data_lits/data_C3/images_C3/image71_slice72.jpg,False,32.410593766000034
data_lits/data_C3/images_C3/image71_slice73.jpg,False,28.465908219875754
data_lits/data_C3/images_C3/image71_slice74.jpg,False,23.82276277778847
data_lits/data_C3/images_C3/image71_slice75.jpg,False,17.267954193373896
data_lits/data_C3/images_C3/image71_slice76.jpg,False,17.349022359925396
data_lits/data_C3/images_C3/image71_slice77.jpg,False,19.014962394893445
data_lits/data_C3/images_C3/image71_slice78.jpg,False,21.017127991943614
data_lits/data_C3/images_C3/image71_slice79.jpg,False,24.627064943485752
data_lits/data_C3/images_C3/image71_slice80.jpg,False,25.99654892004998
data_lits/data_C3/images_C3/image71_slice81.jpg,False,42.96868049788263
data_lits/data_C3/images_C3/image71_slice82.jpg,False,198.71909818423964
data_lits/data_C3/images_C3/image71_slice83.jpg,False,369.53530797041356
data_lits/data_C3/images_C3/image71_slice84.jpg,True,3017.638136511376
data_lits/data_C3/images_C3/image72_slice65.jpg,False,366.61485726821513
data_lits/data_C3/images_C3/image72_slice66.jpg,False,243.72774074992344
data_lits/data_C3/images_C3/image72_slice67.jpg,False,233.7902814014815
data_lits/data_C3/images_C3/image72_slice68.jpg,False,140.87615145825035
data_lits/data_C3/images_C3/image72_slice69.jpg,False,143.87396151693858
data_lits/data_C3/images_C3/image72_slice70.jpg,False,115.76673028232189
data_lits/data_C3/images_C3/image72_slice71.jpg,False,114.79063633366303
data_lits/data_C3/images_C3/image72_slice72.jpg,False,140.39859615517906
data_lits/data_C3/images_C3/image72_slice73.jpg,False,153.73494197572316
data_lits/data_C3/images_C3/image72_slice74.jpg,False,209.14370457510614
data_lits/data_C3/images_C3/image72_slice75.jpg,False,189.63931300958316
data_lits/data_C3/images_C3/image72_slice76.jpg,False,214.45232572687985
data_lits/data_C3/images_C3/image72_slice77.jpg,False,199.00128307795816
data_lits/data_C3/images_C3/image72_slice78.jpg,False,250.638230860948
data_lits/data_C3/images_C3/image72_slice79.jpg,False,368.5492176559451
data_lits/data_C3/images_C3/image72_slice80.jpg,False,528.361564058585
data_lits/data_C3/images_C3/image72_slice81.jpg,True,1033.2115366781045
data_lits/data_C3/images_C3/image73_slice100.jpg,True,2148.376024425518
data_lits/data_C3/images_C3/image73_slice97.jpg,True,4110.861570629113
data_lits/data_C3/images_C3/image73_slice98.jpg,True,1216.6336633663366
data_lits/data_C3/images_C3/image73_slice99.jpg,True,1323.0686406460295
data_lits/data_C3/images_C3/image74_slice73.jpg,False,229.76118787378846
data_lits/data_C3/images_C3/image74_slice74.jpg,False,110.97138341705705
data_lits/data_C3/images_C3/image74_slice75.jpg,False,72.98385978550318
data_lits/data_C3/images_C3/image74_slice76.jpg,False,58.41309566148976
data_lits/data_C3/images_C3/image74_slice77.jpg,False,52.98697098612918
data_lits/data_C3/images_C3/image74_slice78.jpg,False,49.599489511994236
data_lits/data_C3/images_C3/image74_slice79.jpg,False,48.17538574630469
data_lits/data_C3/images_C3/image74_slice80.jpg,False,51.827037286285346
data_lits/data_C3/images_C3/image74_slice81.jpg,False,79.91277902105928
data_lits/data_C3/images_C3/image74_slice82.jpg,False,165.6154955329934
data_lits/data_C3/images_C3/image75_slice51.jpg,True,2832.2481145665624
data_lits/data_C3/images_C3/image75_slice64.jpg,True,4058.203011170471
data_lits/data_C3/images_C3/image75_slice65.jpg,True,2258.869327205758
data_lits/data_C3/images_C3/image75_slice66.jpg,True,3409.155446756426
data_lits/data_C3/images_C3/image75_slice68.jpg,True,1074.0154241645246
data_lits/data_C3/images_C3/image75_slice69.jpg,False,556.3281373536289
data_lits/data_C3/images_C3/image75_slice70.jpg,False,398.5875534407814
data_lits/data_C3/images_C3/image75_slice71.jpg,False,514.866944459421
data_lits/data_C3/images_C3/image75_slice72.jpg,True,1178.5803448640643
data_lits/data_C3/images_C3/image75_slice74.jpg,True,3857.283323716099
data_lits/data_C3/images_C3/image75_slice75.jpg,True,1630.1692435253376
data_lits/data_C3/images_C3/image76_slice100.jpg,False,475.6893386277273
data_lits/data_C3/images_C3/image76_slice101.jpg,False,486.6747237066267
data_lits/data_C3/images_C3/image76_slice102.jpg,False,512.8248561565017
data_lits/data_C3/images_C3/image76_slice103.jpg,False,402.3759706254138
data_lits/data_C3/images_C3/image76_slice104.jpg,False,405.48305501131284
data_lits/data_C3/images_C3/image76_slice105.jpg,False,434.65385290617905
data_lits/data_C3/images_C3/image76_slice106.jpg,False,592.6915813273041
data_lits/data_C3/images_C3/image76_slice107.jpg,False,638.3498538933135
data_lits/data_C3/images_C3/image76_slice108.jpg,True,1374.202779376696
data_lits/data_C3/images_C3/image76_slice110.jpg,True,4692.644436644437
data_lits/data_C3/images_C3/image76_slice115.jpg,False,786.811520851234
data_lits/data_C3/images_C3/image76_slice116.jpg,False,453.8319279807732
data_lits/data_C3/images_C3/image76_slice117.jpg,False,268.5124843343295
data_lits/data_C3/images_C3/image76_slice118.jpg,False,249.02293284060258
data_lits/data_C3/images_C3/image76_slice119.jpg,False,257.1324383582721
data_lits/data_C3/images_C3/image76_slice120.jpg,False,261.6125674120806
data_lits/data_C3/images_C3/image76_slice121.jpg,False,305.29192546583846
data_lits/data_C3/images_C3/image76_slice122.jpg,False,395.16859777725233
data_lits/data_C3/images_C3/image76_slice123.jpg,False,526.7586011252778
data_lits/data_C3/images_C3/image76_slice124.jpg,False,889.3685639019717
data_lits/data_C3/images_C3/image76_slice126.jpg,False,749.0667861945317
data_lits/data_C3/images_C3/image76_slice127.jpg,False,284.9039121336237
data_lits/data_C3/images_C3/image76_slice128.jpg,False,162.17807225466487
data_lits/data_C3/images_C3/image76_slice129.jpg,False,91.39956902681003
data_lits/data_C3/images_C3/image76_slice130.jpg,False,60.0994724293066
data_lits/data_C3/images_C3/image76_slice131.jpg,False,47.52936157505173
data_lits/data_C3/images_C3/image76_slice132.jpg,False,42.45996594143477
data_lits/data_C3/images_C3/image76_slice133.jpg,False,39.62726608243469
data_lits/data_C3/images_C3/image76_slice134.jpg,False,37.618415188118185
data_lits/data_C3/images_C3/image76_slice135.jpg,False,40.71181260806517
data_lits/data_C3/images_C3/image76_slice136.jpg,False,41.95267430826467
data_lits/data_C3/images_C3/image76_slice137.jpg,False,45.810149587585634
data_lits/data_C3/images_C3/image76_slice138.jpg,False,45.09601165740191
data_lits/data_C3/images_C3/image76_slice139.jpg,False,52.47992161776414
data_lits/data_C3/images_C3/image76_slice140.jpg,False,55.50536439793445
data_lits/data_C3/images_C3/image76_slice141.jpg,False,42.699698755930996
data_lits/data_C3/images_C3/image76_slice142.jpg,False,37.45562677236563
data_lits/data_C3/images_C3/image76_slice143.jpg,False,35.013442993379854
data_lits/data_C3/images_C3/image76_slice144.jpg,False,32.13177510210811
data_lits/data_C3/images_C3/image76_slice145.jpg,False,30.398897673244704
data_lits/data_C3/images_C3/image76_slice146.jpg,False,28.000162522006445
data_lits/data_C3/images_C3/image76_slice147.jpg,False,28.90522728147376
data_lits/data_C3/images_C3/image76_slice148.jpg,False,28.650022693988603
data_lits/data_C3/images_C3/image76_slice149.jpg,False,29.77725431780237
data_lits/data_C3/images_C3/image76_slice150.jpg,False,29.938637337753516
data_lits/data_C3/images_C3/image76_slice151.jpg,False,32.7780905102159
data_lits/data_C3/images_C3/image76_slice152.jpg,False,35.48828112557256
data_lits/data_C3/images_C3/image76_slice153.jpg,False,37.49623897354549
data_lits/data_C3/images_C3/image76_slice154.jpg,False,132.9618837157957
data_lits/data_C3/images_C3/image76_slice155.jpg,False,559.6443551425342
data_lits/data_C3/images_C3/image76_slice92.jpg,True,1764.0449675410357
data_lits/data_C3/images_C3/image76_slice93.jpg,False,712.8491906072044
data_lits/data_C3/images_C3/image76_slice94.jpg,False,420.10520428107264
data_lits/data_C3/images_C3/image76_slice95.jpg,False,333.87968753121686
data_lits/data_C3/images_C3/image76_slice96.jpg,False,285.5660123459427
data_lits/data_C3/images_C3/image76_slice97.jpg,False,288.6487466804845
data_lits/data_C3/images_C3/image76_slice98.jpg,False,381.65412503568376
data_lits/data_C3/images_C3/image76_slice99.jpg,False,443.9105892978099
data_lits/data_C3/images_C3/image77_slice74.jpg,False,778.0836204488314
data_lits/data_C3/images_C3/image77_slice75.jpg,False,378.70277313542755
data_lits/data_C3/images_C3/image77_slice76.jpg,False,220.57547120004222
data_lits/data_C3/images_C3/image77_slice77.jpg,False,210.57600166326975
data_lits/data_C3/images_C3/image77_slice78.jpg,False,667.0131114171107
data_lits/data_C3/images_C3/image77_slice85.jpg,True,2288.0958411774773
data_lits/data_C3/images_C3/image77_slice86.jpg,True,1263.1655328798186
data_lits/data_C3/images_C3/image77_slice87.jpg,True,4160.238984316654
data_lits/data_C3/images_C3/image78_slice134.jpg,True,3100.3534158898005
data_lits/data_C3/images_C3/image78_slice135.jpg,False,425.0254010440179
data_lits/data_C3/images_C3/image78_slice136.jpg,False,405.1439134519228
data_lits/data_C3/images_C3/image78_slice137.jpg,False,366.7938939674945
data_lits/data_C3/images_C3/image78_slice138.jpg,False,335.6770111479361
data_lits/data_C3/images_C3/image78_slice139.jpg,False,386.5692822817092
data_lits/data_C3/images_C3/image78_slice140.jpg,False,386.95417103229505
data_lits/data_C3/images_C3/image78_slice141.jpg,False,520.2241314904744
data_lits/data_C3/images_C3/image78_slice142.jpg,False,642.324589218795
data_lits/data_C3/images_C3/image78_slice143.jpg,True,1345.5458937198068
data_lits/data_C3/images_C3/image78_slice149.jpg,True,3810.0153889997155
data_lits/data_C3/images_C3/image78_slice154.jpg,True,4592.067046781617
data_lits/data_C3/images_C3/image78_slice155.jpg,True,1462.9852052875776
data_lits/data_C3/images_C3/image78_slice156.jpg,True,1277.9444826795136
data_lits/data_C3/images_C3/image78_slice157.jpg,True,1094.8965652793474
data_lits/data_C3/images_C3/image78_slice158.jpg,True,2084.9854963974926
data_lits/data_C3/images_C3/image78_slice160.jpg,True,2130.5048444671083
data_lits/data_C3/images_C3/image78_slice161.jpg,True,1221.7033408874918
data_lits/data_C3/images_C3/image78_slice162.jpg,False,804.6744429598065
data_lits/data_C3/images_C3/image78_slice163.jpg,False,507.76088112419296
data_lits/data_C3/images_C3/image78_slice164.jpg,False,344.5671694106246
data_lits/data_C3/images_C3/image78_slice165.jpg,False,321.78533434101774
data_lits/data_C3/images_C3/image78_slice166.jpg,False,310.399569087608
data_lits/data_C3/images_C3/image78_slice167.jpg,False,318.7047128656225
data_lits/data_C3/images_C3/image78_slice168.jpg,False,359.17083078113416
data_lits/data_C3/images_C3/image78_slice169.jpg,False,422.60707941103954
data_lits/data_C3/images_C3/image78_slice176.jpg,True,4864.409838451463
data_lits/data_C3/images_C3/image78_slice177.jpg,True,4099.516742303447
data_lits/data_C3/images_C3/image79_slice113.jpg,True,2015.4587391081498
data_lits/data_C3/images_C3/image79_slice114.jpg,False,474.39975019161443
data_lits/data_C3/images_C3/image79_slice115.jpg,False,383.66720044079415
data_lits/data_C3/images_C3/image79_slice116.jpg,False,292.3551819601223
data_lits/data_C3/images_C3/image79_slice117.jpg,False,320.0153193607997
data_lits/data_C3/images_C3/image79_slice118.jpg,False,313.1213902616109
data_lits/data_C3/images_C3/image79_slice119.jpg,False,339.28556201845475
data_lits/data_C3/images_C3/image79_slice120.jpg,False,386.4396667842133
data_lits/data_C3/images_C3/image79_slice121.jpg,False,589.6488396094102
data_lits/data_C3/images_C3/image79_slice122.jpg,False,416.86447653969924
data_lits/data_C3/images_C3/image79_slice123.jpg,False,444.258712816014
data_lits/data_C3/images_C3/image79_slice124.jpg,False,688.1694925723463
data_lits/data_C3/images_C3/image79_slice125.jpg,True,1424.6652884635878
data_lits/data_C3/images_C3/image79_slice126.jpg,True,1110.4844175692738
data_lits/data_C3/images_C3/image79_slice127.jpg,False,858.3076962584422
data_lits/data_C3/images_C3/image79_slice128.jpg,False,585.3888188314419
data_lits/data_C3/images_C3/image79_slice129.jpg,False,621.7316331370853
data_lits/data_C3/images_C3/image79_slice130.jpg,True,1947.4645302257832
data_lits/data_C3/images_C3/image80_slice145.jpg,True,1000.3849089358135
data_lits/data_C3/images_C3/image80_slice146.jpg,False,298.364249879488
data_lits/data_C3/images_C3/image80_slice147.jpg,False,269.9023700892316
data_lits/data_C3/images_C3/image80_slice148.jpg,False,188.69501888454178
data_lits/data_C3/images_C3/image80_slice149.jpg,False,130.63960851143668
data_lits/data_C3/images_C3/image80_slice150.jpg,False,110.93731277891274
data_lits/data_C3/images_C3/image80_slice151.jpg,False,98.45965312810692
data_lits/data_C3/images_C3/image80_slice152.jpg,False,84.7179773144921
data_lits/data_C3/images_C3/image80_slice153.jpg,False,76.86888526022862
data_lits/data_C3/images_C3/image80_slice154.jpg,False,66.89381324452414
data_lits/data_C3/images_C3/image80_slice155.jpg,False,66.0746378566451
data_lits/data_C3/images_C3/image80_slice156.jpg,False,63.85632815261313
data_lits/data_C3/images_C3/image80_slice157.jpg,False,57.64004804579009
data_lits/data_C3/images_C3/image80_slice158.jpg,False,60.74539207463189
data_lits/data_C3/images_C3/image80_slice159.jpg,False,56.656340609036825
data_lits/data_C3/images_C3/image80_slice160.jpg,False,58.85124826232834
data_lits/data_C3/images_C3/image80_slice161.jpg,False,56.28567074171904
data_lits/data_C3/images_C3/image80_slice162.jpg,False,56.191374431964334
data_lits/data_C3/images_C3/image80_slice163.jpg,False,57.976842817370496
data_lits/data_C3/images_C3/image80_slice164.jpg,False,69.05388946910087
data_lits/data_C3/images_C3/image80_slice165.jpg,False,65.8423606309357
data_lits/data_C3/images_C3/image80_slice166.jpg,False,72.03845975616721
data_lits/data_C3/images_C3/image80_slice167.jpg,False,81.53252069210298
data_lits/data_C3/images_C3/image80_slice168.jpg,False,88.08114667910537
data_lits/data_C3/images_C3/image80_slice169.jpg,False,100.74726944171066
data_lits/data_C3/images_C3/image80_slice170.jpg,False,108.08051868259794
data_lits/data_C3/images_C3/image80_slice171.jpg,False,134.25812969349084
data_lits/data_C3/images_C3/image80_slice172.jpg,False,172.1611208406305
data_lits/data_C3/images_C3/image80_slice173.jpg,False,257.97790967821607
data_lits/data_C3/images_C3/image80_slice174.jpg,False,696.6610736506415
data_lits/data_C3/images_C3/image81_slice240.jpg,True,1831.7180906450374
data_lits/data_C3/images_C3/image81_slice241.jpg,True,1105.8183622828783
data_lits/data_C3/images_C3/image81_slice242.jpg,False,750.6313023558739
data_lits/data_C3/images_C3/image81_slice243.jpg,False,568.656594528379
data_lits/data_C3/images_C3/image81_slice244.jpg,False,502.58424431980507
data_lits/data_C3/images_C3/image81_slice245.jpg,False,504.556858837915
data_lits/data_C3/images_C3/image81_slice246.jpg,False,411.80030555418665
data_lits/data_C3/images_C3/image81_slice247.jpg,False,470.36730558135605
data_lits/data_C3/images_C3/image81_slice248.jpg,False,530.1256185763228
data_lits/data_C3/images_C3/image81_slice249.jpg,False,516.4780418456594
data_lits/data_C3/images_C3/image81_slice250.jpg,False,751.9908204245553
data_lits/data_C3/images_C3/image81_slice251.jpg,True,1503.4911495467938
data_lits/data_C3/images_C3/image81_slice252.jpg,True,2295.245158632056
data_lits/data_C3/images_C3/image81_slice253.jpg,True,3382.07538578295
data_lits/data_C3/images_C3/image82_slice365.jpg,True,4175.049653363312
data_lits/data_C3/images_C3/image82_slice366.jpg,True,1547.879405362849
data_lits/data_C3/images_C3/image82_slice367.jpg,True,1524.371066313965
data_lits/data_C3/images_C3/image82_slice368.jpg,False,642.7198430859758
data_lits/data_C3/images_C3/image82_slice369.jpg,False,413.3076124054014
data_lits/data_C3/images_C3/image82_slice370.jpg,False,371.6886669706304
data_lits/data_C3/images_C3/image82_slice371.jpg,False,346.58412530525266
data_lits/data_C3/images_C3/image82_slice372.jpg,False,280.60211731716936
data_lits/data_C3/images_C3/image82_slice373.jpg,False,268.73809514237587
data_lits/data_C3/images_C3/image82_slice374.jpg,False,218.24151069060426
data_lits/data_C3/images_C3/image82_slice375.jpg,False,150.54753797092047
data_lits/data_C3/images_C3/image82_slice376.jpg,False,143.4161977073737
data_lits/data_C3/images_C3/image82_slice377.jpg,False,122.05344687812679
data_lits/data_C3/images_C3/image82_slice378.jpg,False,122.9903295603409
data_lits/data_C3/images_C3/image82_slice379.jpg,False,108.64898074616336
data_lits/data_C3/images_C3/image82_slice380.jpg,False,109.92067563834405
data_lits/data_C3/images_C3/image82_slice381.jpg,False,108.22155017776079
data_lits/data_C3/images_C3/image82_slice382.jpg,False,101.12172718636354
data_lits/data_C3/images_C3/image82_slice383.jpg,False,98.9470100550489
data_lits/data_C3/images_C3/image82_slice384.jpg,False,101.83730520850631
data_lits/data_C3/images_C3/image82_slice385.jpg,False,95.87690436508734
data_lits/data_C3/images_C3/image82_slice386.jpg,False,90.56201329843442
data_lits/data_C3/images_C3/image82_slice387.jpg,False,93.66837945051728
data_lits/data_C3/images_C3/image82_slice388.jpg,False,88.94478499852971
data_lits/data_C3/images_C3/image82_slice389.jpg,False,87.24208811818
data_lits/data_C3/images_C3/image82_slice390.jpg,False,79.31448043796556
data_lits/data_C3/images_C3/image82_slice391.jpg,False,86.72179424974507
data_lits/data_C3/images_C3/image82_slice392.jpg,False,80.5585020806444
data_lits/data_C3/images_C3/image82_slice393.jpg,False,80.17107199439674
data_lits/data_C3/images_C3/image82_slice394.jpg,False,83.81560915058085
data_lits/data_C3/images_C3/image82_slice395.jpg,False,75.17083790640349
data_lits/data_C3/images_C3/image82_slice396.jpg,False,73.53340681534674
data_lits/data_C3/images_C3/image82_slice397.jpg,False,76.9349720845279
data_lits/data_C3/images_C3/image82_slice398.jpg,False,57.905025900452166
data_lits/data_C3/images_C3/image82_slice399.jpg,False,59.83860240243412
data_lits/data_C3/images_C3/image82_slice400.jpg,False,56.75548182122292
data_lits/data_C3/images_C3/image82_slice401.jpg,False,59.907781403389606
data_lits/data_C3/images_C3/image82_slice402.jpg,False,64.67762644201416
data_lits/data_C3/images_C3/image82_slice403.jpg,False,64.48408751744822
data_lits/data_C3/images_C3/image82_slice404.jpg,False,69.54318755422763
data_lits/data_C3/images_C3/image82_slice405.jpg,False,66.95901026020637
data_lits/data_C3/images_C3/image82_slice406.jpg,False,66.97148788192403
data_lits/data_C3/images_C3/image82_slice407.jpg,False,65.0480123621615
data_lits/data_C3/images_C3/image82_slice408.jpg,False,68.6316930734544
data_lits/data_C3/images_C3/image82_slice409.jpg,False,66.53248706359862
data_lits/data_C3/images_C3/image82_slice410.jpg,False,74.99878829221007
data_lits/data_C3/images_C3/image82_slice411.jpg,False,92.14759225894674
data_lits/data_C3/images_C3/image82_slice412.jpg,False,106.38690127575056
data_lits/data_C3/images_C3/image82_slice413.jpg,False,115.78357368769291
data_lits/data_C3/images_C3/image82_slice414.jpg,False,138.12732720322347
data_lits/data_C3/images_C3/image82_slice415.jpg,False,140.42838536195956
data_lits/data_C3/images_C3/image82_slice416.jpg,False,198.0608344740538
data_lits/data_C3/images_C3/image82_slice417.jpg,False,193.3567629014483
data_lits/data_C3/images_C3/image82_slice418.jpg,False,263.0704205397832
data_lits/data_C3/images_C3/image82_slice419.jpg,False,309.4497680748826
data_lits/data_C3/images_C3/image82_slice420.jpg,False,319.6969783924933
data_lits/data_C3/images_C3/image82_slice421.jpg,False,350.36253950616634
data_lits/data_C3/images_C3/image82_slice422.jpg,False,339.15129375951295
data_lits/data_C3/images_C3/image82_slice423.jpg,False,407.6939309478358
data_lits/data_C3/images_C3/image82_slice424.jpg,True,1109.2129760225669
data_lits/data_C3/images_C3/image84_slice421.jpg,True,4087.484407484408
data_lits/data_C3/images_C3/image84_slice422.jpg,True,2484.084726867336
data_lits/data_C3/images_C3/image84_slice423.jpg,True,1682.482696131484
data_lits/data_C3/images_C3/image84_slice424.jpg,False,644.2622666422507
data_lits/data_C3/images_C3/image84_slice425.jpg,False,538.8431031147223
data_lits/data_C3/images_C3/image84_slice426.jpg,False,465.8210629742932
data_lits/data_C3/images_C3/image84_slice427.jpg,False,392.89244151874925
data_lits/data_C3/images_C3/image84_slice428.jpg,False,309.851393820282
data_lits/data_C3/images_C3/image84_slice429.jpg,False,245.39551548435412
data_lits/data_C3/images_C3/image84_slice430.jpg,False,191.66583994471958
data_lits/data_C3/images_C3/image84_slice431.jpg,False,154.25323693859795
data_lits/data_C3/images_C3/image84_slice432.jpg,False,124.07145084413558
data_lits/data_C3/images_C3/image84_slice433.jpg,False,121.70235078213753
data_lits/data_C3/images_C3/image84_slice434.jpg,False,118.45240584476569
data_lits/data_C3/images_C3/image84_slice435.jpg,False,116.11320420425113
data_lits/data_C3/images_C3/image84_slice436.jpg,False,113.08294283829277
data_lits/data_C3/images_C3/image84_slice437.jpg,False,109.5485101654862
data_lits/data_C3/images_C3/image84_slice438.jpg,False,106.53899422892106
data_lits/data_C3/images_C3/image84_slice439.jpg,False,102.06977425974789
data_lits/data_C3/images_C3/image84_slice440.jpg,False,100.06050327588866
data_lits/data_C3/images_C3/image84_slice441.jpg,False,98.79623772560937
data_lits/data_C3/images_C3/image84_slice442.jpg,False,96.47717629128444
data_lits/data_C3/images_C3/image84_slice443.jpg,False,94.1326765549552
data_lits/data_C3/images_C3/image84_slice444.jpg,False,99.1044138838976
data_lits/data_C3/images_C3/image84_slice445.jpg,False,104.28944744942456
data_lits/data_C3/images_C3/image84_slice446.jpg,False,110.09737136833783
data_lits/data_C3/images_C3/image84_slice447.jpg,False,114.01355949548442
data_lits/data_C3/images_C3/image84_slice448.jpg,False,116.00358873885676
data_lits/data_C3/images_C3/image84_slice449.jpg,False,118.0036717977687
data_lits/data_C3/images_C3/image84_slice450.jpg,False,106.95355412019386
data_lits/data_C3/images_C3/image84_slice451.jpg,False,98.30862628829593
data_lits/data_C3/images_C3/image84_slice452.jpg,False,102.7562152498628
data_lits/data_C3/images_C3/image84_slice453.jpg,False,105.61504626118611
data_lits/data_C3/images_C3/image84_slice454.jpg,False,109.73139522476751
data_lits/data_C3/images_C3/image84_slice455.jpg,False,112.93526135194448
data_lits/data_C3/images_C3/image84_slice456.jpg,False,118.09185294060491
data_lits/data_C3/images_C3/image84_slice457.jpg,False,123.89346677787044
data_lits/data_C3/images_C3/image84_slice458.jpg,False,126.65257031125661
data_lits/data_C3/images_C3/image84_slice459.jpg,False,142.2645974682682
data_lits/data_C3/images_C3/image84_slice460.jpg,False,155.92890132960113
data_lits/data_C3/images_C3/image84_slice461.jpg,False,169.6505306756407
data_lits/data_C3/images_C3/image84_slice462.jpg,False,176.136763667408
data_lits/data_C3/images_C3/image84_slice463.jpg,False,180.55993884700678
data_lits/data_C3/images_C3/image84_slice464.jpg,False,183.96120801158037
data_lits/data_C3/images_C3/image84_slice465.jpg,False,223.56986859399927
data_lits/data_C3/images_C3/image84_slice466.jpg,False,272.27586543983773
data_lits/data_C3/images_C3/image84_slice467.jpg,False,341.20266442079475
data_lits/data_C3/images_C3/image84_slice468.jpg,False,406.14083480162833
data_lits/data_C3/images_C3/image84_slice469.jpg,False,502.7845930516799
data_lits/data_C3/images_C3/image84_slice470.jpg,False,624.1815210794155
data_lits/data_C3/images_C3/image84_slice471.jpg,False,747.207976571058
data_lits/data_C3/images_C3/image84_slice472.jpg,False,964.1122088411337
data_lits/data_C3/images_C3/image84_slice473.jpg,True,1221.2792545902987
data_lits/data_C3/images_C3/image84_slice482.jpg,True,3453.183180080587
data_lits/data_C3/images_C3/image84_slice483.jpg,True,1165.9989534275248
data_lits/data_C3/images_C3/image84_slice484.jpg,True,1140.378723259067
data_lits/data_C3/images_C3/image84_slice485.jpg,False,998.860182597911
data_lits/data_C3/images_C3/image84_slice486.jpg,False,882.8378985181861
data_lits/data_C3/images_C3/image84_slice487.jpg,False,703.7904422989862
data_lits/data_C3/images_C3/image84_slice488.jpg,False,579.7483153083614
data_lits/data_C3/images_C3/image84_slice489.jpg,False,472.9531127289708
data_lits/data_C3/images_C3/image84_slice490.jpg,False,334.6452136127437
data_lits/data_C3/images_C3/image84_slice491.jpg,False,307.51373184038863
data_lits/data_C3/images_C3/image84_slice492.jpg,False,280.12236311673945
data_lits/data_C3/images_C3/image84_slice493.jpg,False,307.46281288233513
data_lits/data_C3/images_C3/image84_slice494.jpg,False,309.53717638233536
data_lits/data_C3/images_C3/image84_slice495.jpg,False,345.981398382063
data_lits/data_C3/images_C3/image84_slice496.jpg,False,395.6668067500459
data_lits/data_C3/images_C3/image84_slice497.jpg,False,389.7040785392813
data_lits/data_C3/images_C3/image84_slice498.jpg,False,333.3535466368787
data_lits/data_C3/images_C3/image84_slice499.jpg,False,297.8670160147582
data_lits/data_C3/images_C3/image84_slice500.jpg,False,248.28575991798925
data_lits/data_C3/images_C3/image84_slice501.jpg,False,231.85227320023864
data_lits/data_C3/images_C3/image84_slice502.jpg,False,227.0169158824548
data_lits/data_C3/images_C3/image84_slice503.jpg,False,193.4457312520619
data_lits/data_C3/images_C3/image84_slice504.jpg,False,177.88033933304237
data_lits/data_C3/images_C3/image84_slice505.jpg,False,181.25761265096503
data_lits/data_C3/images_C3/image84_slice506.jpg,False,169.3805713359044
data_lits/data_C3/images_C3/image84_slice507.jpg,False,165.18986027983573
data_lits/data_C3/images_C3/image84_slice508.jpg,False,166.55841292068342
data_lits/data_C3/images_C3/image84_slice509.jpg,False,164.4846346342652
data_lits/data_C3/images_C3/image84_slice510.jpg,False,178.05896877888438
data_lits/data_C3/images_C3/image84_slice511.jpg,False,162.8068944857266
data_lits/data_C3/images_C3/image84_slice512.jpg,False,145.95927350856587
data_lits/data_C3/images_C3/image84_slice513.jpg,False,147.86480268978943
data_lits/data_C3/images_C3/image84_slice514.jpg,False,130.92746634597495
data_lits/data_C3/images_C3/image84_slice515.jpg,False,117.45958559419721
data_lits/data_C3/images_C3/image84_slice516.jpg,False,111.87024088844558
data_lits/data_C3/images_C3/image84_slice517.jpg,False,97.50190345889843
data_lits/data_C3/images_C3/image84_slice518.jpg,False,78.23463114394356
data_lits/data_C3/images_C3/image84_slice519.jpg,False,73.47981651678685
data_lits/data_C3/images_C3/image84_slice520.jpg,False,72.40895900379446
data_lits/data_C3/images_C3/image84_slice521.jpg,False,72.7313399870089
data_lits/data_C3/images_C3/image84_slice522.jpg,False,71.80114242995153
data_lits/data_C3/images_C3/image84_slice523.jpg,False,71.41629140558645
data_lits/data_C3/images_C3/image84_slice524.jpg,False,70.46458308956767
data_lits/data_C3/images_C3/image84_slice525.jpg,False,69.78392542096857
data_lits/data_C3/images_C3/image84_slice526.jpg,False,68.92920927047975
data_lits/data_C3/images_C3/image84_slice527.jpg,False,68.06210500914835
data_lits/data_C3/images_C3/image84_slice528.jpg,False,66.71375947736162
data_lits/data_C3/images_C3/image84_slice529.jpg,False,64.7991322209502
data_lits/data_C3/images_C3/image84_slice530.jpg,False,63.19410096426546
data_lits/data_C3/images_C3/image84_slice531.jpg,False,61.3226527912579
data_lits/data_C3/images_C3/image84_slice532.jpg,False,59.170946480638605
data_lits/data_C3/images_C3/image84_slice533.jpg,False,56.36530897040781
data_lits/data_C3/images_C3/image84_slice534.jpg,False,51.50716512535695
data_lits/data_C3/images_C3/image84_slice535.jpg,False,54.52659862131072
data_lits/data_C3/images_C3/image84_slice536.jpg,False,54.16422166205215
data_lits/data_C3/images_C3/image84_slice537.jpg,False,53.12293974601459
data_lits/data_C3/images_C3/image84_slice538.jpg,False,51.83949673282697
data_lits/data_C3/images_C3/image84_slice539.jpg,False,49.81802301057223
data_lits/data_C3/images_C3/image84_slice540.jpg,False,46.444426534304554
data_lits/data_C3/images_C3/image84_slice541.jpg,False,44.64004070890661
data_lits/data_C3/images_C3/image84_slice542.jpg,False,44.253349451125615
data_lits/data_C3/images_C3/image84_slice543.jpg,False,42.72761963201949
data_lits/data_C3/images_C3/image84_slice544.jpg,False,41.49189456258817
data_lits/data_C3/images_C3/image84_slice545.jpg,False,40.14989227768871
data_lits/data_C3/images_C3/image84_slice546.jpg,False,39.08472358406669
data_lits/data_C3/images_C3/image84_slice547.jpg,False,38.00942520788224
data_lits/data_C3/images_C3/image84_slice548.jpg,False,36.876656014113664
data_lits/data_C3/images_C3/image84_slice549.jpg,False,35.81035278008579
data_lits/data_C3/images_C3/image84_slice550.jpg,False,36.055073928664086
data_lits/data_C3/images_C3/image84_slice551.jpg,False,36.353408360443375
data_lits/data_C3/images_C3/image84_slice552.jpg,False,36.41001926530399
data_lits/data_C3/images_C3/image84_slice553.jpg,False,35.962646507228925
data_lits/data_C3/images_C3/image84_slice554.jpg,False,35.89330386555217
data_lits/data_C3/images_C3/image84_slice555.jpg,False,35.90764862386652
data_lits/data_C3/images_C3/image84_slice556.jpg,False,35.824746494656566
data_lits/data_C3/images_C3/image84_slice557.jpg,False,35.841092582325956
data_lits/data_C3/images_C3/image84_slice558.jpg,False,35.91243275825851
data_lits/data_C3/images_C3/image84_slice559.jpg,False,35.88640549816372
data_lits/data_C3/images_C3/image84_slice560.jpg,False,36.16947298194467
data_lits/data_C3/images_C3/image84_slice561.jpg,False,36.0164158863625
data_lits/data_C3/images_C3/image84_slice562.jpg,False,36.14956107358378
data_lits/data_C3/images_C3/image84_slice563.jpg,False,36.33892260815913
data_lits/data_C3/images_C3/image84_slice564.jpg,False,36.894933417521564
data_lits/data_C3/images_C3/image84_slice565.jpg,False,37.171946342985166
data_lits/data_C3/images_C3/image84_slice566.jpg,False,37.17531593617432
data_lits/data_C3/images_C3/image84_slice567.jpg,False,37.95827281100338
data_lits/data_C3/images_C3/image84_slice568.jpg,False,38.7348804867449
data_lits/data_C3/images_C3/image84_slice569.jpg,False,39.7765501417388
data_lits/data_C3/images_C3/image84_slice570.jpg,False,40.80124515518662
data_lits/data_C3/images_C3/image84_slice571.jpg,False,42.422645475245794
data_lits/data_C3/images_C3/image84_slice572.jpg,False,42.22226994523784
data_lits/data_C3/images_C3/image84_slice573.jpg,False,43.65482976066706
data_lits/data_C3/images_C3/image84_slice574.jpg,False,46.436941305272065
data_lits/data_C3/images_C3/image84_slice575.jpg,False,47.4635538704043
data_lits/data_C3/images_C3/image84_slice576.jpg,False,52.63856986154235
data_lits/data_C3/images_C3/image84_slice577.jpg,False,56.14012456412633
data_lits/data_C3/images_C3/image84_slice578.jpg,False,57.90206664651328
data_lits/data_C3/images_C3/image84_slice579.jpg,False,64.7592697004749
data_lits/data_C3/images_C3/image84_slice580.jpg,False,68.90256585748992
data_lits/data_C3/images_C3/image84_slice581.jpg,False,73.89292792847566
data_lits/data_C3/images_C3/image84_slice582.jpg,False,79.01120631269643
data_lits/data_C3/images_C3/image84_slice583.jpg,False,83.54169166166767
data_lits/data_C3/images_C3/image84_slice584.jpg,False,90.33450406829273
data_lits/data_C3/images_C3/image84_slice585.jpg,False,104.1932150288747
data_lits/data_C3/images_C3/image84_slice586.jpg,False,113.32641643779881
data_lits/data_C3/images_C3/image84_slice587.jpg,False,116.40456794982084
data_lits/data_C3/images_C3/image84_slice588.jpg,False,133.16053155272598
data_lits/data_C3/images_C3/image84_slice589.jpg,False,132.6968863832617
data_lits/data_C3/images_C3/image84_slice590.jpg,False,134.34420332088635
data_lits/data_C3/images_C3/image84_slice591.jpg,False,134.90406911624922
data_lits/data_C3/images_C3/image84_slice592.jpg,False,135.44089847208687
data_lits/data_C3/images_C3/image84_slice593.jpg,False,139.7589797198411
data_lits/data_C3/images_C3/image84_slice594.jpg,False,140.7826933040171
data_lits/data_C3/images_C3/image84_slice595.jpg,False,151.15382267215085
data_lits/data_C3/images_C3/image84_slice596.jpg,False,157.11228262325753
data_lits/data_C3/images_C3/image84_slice597.jpg,False,173.8070685876085
data_lits/data_C3/images_C3/image84_slice598.jpg,False,190.92462320169312
data_lits/data_C3/images_C3/image84_slice599.jpg,False,214.8686777775992
data_lits/data_C3/images_C3/image84_slice600.jpg,False,232.8294079538568
data_lits/data_C3/images_C3/image84_slice601.jpg,False,259.07071020249975
data_lits/data_C3/images_C3/image84_slice602.jpg,False,277.16297236112143
data_lits/data_C3/images_C3/image84_slice603.jpg,False,300.33885816211455
data_lits/data_C3/images_C3/image84_slice604.jpg,False,361.84411521118994
data_lits/data_C3/images_C3/image84_slice605.jpg,False,401.7544639905762
data_lits/data_C3/images_C3/image84_slice606.jpg,False,381.24056119539176
data_lits/data_C3/images_C3/image84_slice607.jpg,False,367.3845443603568
data_lits/data_C3/images_C3/image84_slice608.jpg,False,339.76151992924883
data_lits/data_C3/images_C3/image84_slice609.jpg,False,307.0927433433176
data_lits/data_C3/images_C3/image84_slice610.jpg,False,278.78122628053814
data_lits/data_C3/images_C3/image84_slice611.jpg,False,252.95527561557995
data_lits/data_C3/images_C3/image84_slice612.jpg,False,272.9808026070231
data_lits/data_C3/images_C3/image84_slice613.jpg,False,296.27486437613015
data_lits/data_C3/images_C3/image84_slice614.jpg,False,392.35282378766715
data_lits/data_C3/images_C3/image84_slice615.jpg,False,524.1893290674697
data_lits/data_C3/images_C3/image84_slice616.jpg,False,733.0568379958108
data_lits/data_C3/images_C3/image84_slice617.jpg,False,998.0250526284357
data_lits/data_C3/images_C3/image84_slice621.jpg,True,3209.926530612245
data_lits/data_C3/images_C3/image84_slice622.jpg,True,3431.380319285458
data_lits/data_C3/images_C3/image84_slice623.jpg,True,2976.65404996215
data_lits/data_C3/images_C3/image84_slice624.jpg,True,3756.4889013767915
data_lits/data_C3/images_C3/image84_slice629.jpg,True,4721.480435089702
data_lits/data_C3/images_C3/image84_slice630.jpg,True,2934.834262633358
data_lits/data_C3/images_C3/image84_slice631.jpg,True,2996.2671447781263
data_lits/data_C3/images_C3/image84_slice632.jpg,True,3414.0306435137895
data_lits/data_C3/images_C3/image84_slice633.jpg,True,3112.04469273743
data_lits/data_C3/images_C3/image84_slice634.jpg,True,3076.665899571961
data_lits/data_C3/images_C3/image84_slice635.jpg,True,3115.380528498858
data_lits/data_C3/images_C3/image84_slice636.jpg,True,2654.649140224773
data_lits/data_C3/images_C3/image84_slice637.jpg,True,2643.4166403037016
data_lits/data_C3/images_C3/image84_slice638.jpg,True,2570.632210429165
data_lits/data_C3/images_C3/image84_slice639.jpg,True,2524.7089927106545
data_lits/data_C3/images_C3/image84_slice640.jpg,True,2252.8552170396333
data_lits/data_C3/images_C3/image84_slice641.jpg,True,2115.737300205729
data_lits/data_C3/images_C3/image84_slice642.jpg,True,1823.1255113729337
data_lits/data_C3/images_C3/image85_slice405.jpg,True,1310.3859800443024
data_lits/data_C3/images_C3/image85_slice406.jpg,False,979.1091646771051
data_lits/data_C3/images_C3/image85_slice407.jpg,False,764.9941635577121
data_lits/data_C3/images_C3/image85_slice408.jpg,False,619.8464448648047
data_lits/data_C3/images_C3/image85_slice409.jpg,False,500.0614915056442
data_lits/data_C3/images_C3/image85_slice410.jpg,False,494.1396669106069
data_lits/data_C3/images_C3/image85_slice411.jpg,False,501.1036064738117
data_lits/data_C3/images_C3/image85_slice412.jpg,False,568.7823970866021
data_lits/data_C3/images_C3/image85_slice413.jpg,False,535.9485592418581
data_lits/data_C3/images_C3/image85_slice414.jpg,False,498.7556238668329
data_lits/data_C3/images_C3/image85_slice415.jpg,False,466.7480344649415
data_lits/data_C3/images_C3/image85_slice416.jpg,False,427.3540467970847
data_lits/data_C3/images_C3/image85_slice417.jpg,False,394.3084663980794
data_lits/data_C3/images_C3/image85_slice418.jpg,False,438.33052464541674
data_lits/data_C3/images_C3/image85_slice419.jpg,False,448.1094017094017
data_lits/data_C3/images_C3/image85_slice420.jpg,False,478.10493791840696
data_lits/data_C3/images_C3/image85_slice421.jpg,False,497.63061118141894
data_lits/data_C3/images_C3/image85_slice422.jpg,False,516.705598627204
data_lits/data_C3/images_C3/image85_slice423.jpg,False,683.1550332141034
data_lits/data_C3/images_C3/image85_slice424.jpg,True,1083.4854771784233
data_lits/data_C3/images_C3/image85_slice561.jpg,True,1393.4818953117508
data_lits/data_C3/images_C3/image85_slice562.jpg,True,1021.028257217046
data_lits/data_C3/images_C3/image85_slice563.jpg,False,731.772871076859
data_lits/data_C3/images_C3/image85_slice564.jpg,False,625.4137195464242
data_lits/data_C3/images_C3/image85_slice565.jpg,False,494.7357825868143
data_lits/data_C3/images_C3/image85_slice566.jpg,False,531.1914051635769
data_lits/data_C3/images_C3/image85_slice567.jpg,False,532.8809668059054
data_lits/data_C3/images_C3/image85_slice568.jpg,False,532.7535585061446
data_lits/data_C3/images_C3/image85_slice569.jpg,False,513.1043376138902
data_lits/data_C3/images_C3/image85_slice570.jpg,False,489.8738796837099
data_lits/data_C3/images_C3/image85_slice571.jpg,False,463.3413506525913
data_lits/data_C3/images_C3/image85_slice572.jpg,False,468.8859116894049
data_lits/data_C3/images_C3/image85_slice573.jpg,False,553.8207637053547
data_lits/data_C3/images_C3/image85_slice574.jpg,True,1296.987194412107
data_lits/data_C3/images_C3/image86_slice470.jpg,True,3717.424090757424
data_lits/data_C3/images_C3/image86_slice471.jpg,True,2979.17461449327
data_lits/data_C3/images_C3/image86_slice472.jpg,True,2979.17461449327
data_lits/data_C3/images_C3/image86_slice473.jpg,True,2849.148410195209
data_lits/data_C3/images_C3/image86_slice474.jpg,True,2444.389512560793
data_lits/data_C3/images_C3/image86_slice475.jpg,True,2256.0485993925076
data_lits/data_C3/images_C3/image86_slice476.jpg,True,2082.0631657634085
data_lits/data_C3/images_C3/image86_slice477.jpg,True,1973.5096835144075
data_lits/data_C3/images_C3/image86_slice478.jpg,True,1865.0387813180068
data_lits/data_C3/images_C3/image86_slice479.jpg,True,1721.6555489736522
data_lits/data_C3/images_C3/image86_slice480.jpg,True,1655.441307578009
data_lits/data_C3/images_C3/image86_slice481.jpg,True,1457.6893889833834
data_lits/data_C3/images_C3/image86_slice482.jpg,True,1377.9987631416204
data_lits/data_C3/images_C3/image86_slice483.jpg,True,1245.536902122268
data_lits/data_C3/images_C3/image86_slice484.jpg,True,1189.8880364549032
data_lits/data_C3/images_C3/image86_slice485.jpg,True,1199.883685448116
data_lits/data_C3/images_C3/image86_slice486.jpg,True,1205.792416753851
data_lits/data_C3/images_C3/image86_slice487.jpg,True,1169.9170429486508
data_lits/data_C3/images_C3/image86_slice488.jpg,True,1137.3712418967893
data_lits/data_C3/images_C3/image86_slice489.jpg,True,1114.7250988043425
data_lits/data_C3/images_C3/image86_slice490.jpg,True,1307.3618744010485
data_lits/data_C3/images_C3/image86_slice491.jpg,True,1476.199015082923
data_lits/data_C3/images_C3/image86_slice492.jpg,True,1451.8954844595037
data_lits/data_C3/images_C3/image86_slice493.jpg,True,1346.2775663101927
data_lits/data_C3/images_C3/image86_slice494.jpg,True,1193.0735868925021
data_lits/data_C3/images_C3/image86_slice495.jpg,True,1037.1229093617153
data_lits/data_C3/images_C3/image86_slice496.jpg,False,958.1973252297064
data_lits/data_C3/images_C3/image86_slice497.jpg,True,1116.307404562306
data_lits/data_C3/images_C3/image86_slice498.jpg,True,1294.7764778802202
data_lits/data_C3/images_C3/image86_slice499.jpg,True,1495.2850911531148
data_lits/data_C3/images_C3/image86_slice500.jpg,True,1764.4174629150612
data_lits/data_C3/images_C3/image86_slice501.jpg,True,2149.7578388808492
data_lits/data_C3/images_C3/image86_slice502.jpg,True,2353.343425453266
data_lits/data_C3/images_C3/image86_slice503.jpg,True,3716.5973534971645
data_lits/data_C3/images_C3/image88_slice407.jpg,True,4823.343675589868
data_lits/data_C3/images_C3/image88_slice408.jpg,True,4285.5955891780995
data_lits/data_C3/images_C3/image88_slice414.jpg,True,3556.433283677378
data_lits/data_C3/images_C3/image88_slice415.jpg,True,1758.1988427143608
data_lits/data_C3/images_C3/image88_slice416.jpg,True,1013.7506824385804
data_lits/data_C3/images_C3/image88_slice417.jpg,False,826.5743396972995
data_lits/data_C3/images_C3/image88_slice418.jpg,False,579.1204906954986
data_lits/data_C3/images_C3/image88_slice419.jpg,False,353.20046496882594
data_lits/data_C3/images_C3/image88_slice420.jpg,False,278.2312200319659
data_lits/data_C3/images_C3/image88_slice421.jpg,False,205.45716077158562
data_lits/data_C3/images_C3/image88_slice422.jpg,False,189.6199472385329
data_lits/data_C3/images_C3/image88_slice423.jpg,False,182.23601062118675
data_lits/data_C3/images_C3/image88_slice424.jpg,False,171.92113614970344
data_lits/data_C3/images_C3/image88_slice425.jpg,False,152.4600528219608
data_lits/data_C3/images_C3/image88_slice426.jpg,False,152.36414195518884
data_lits/data_C3/images_C3/image88_slice427.jpg,False,150.07806238255284
data_lits/data_C3/images_C3/image88_slice428.jpg,False,145.34423377978777
data_lits/data_C3/images_C3/image88_slice429.jpg,False,139.07074960419584
data_lits/data_C3/images_C3/image88_slice430.jpg,False,128.65331762858264
data_lits/data_C3/images_C3/image88_slice431.jpg,False,111.06264838847419
data_lits/data_C3/images_C3/image88_slice432.jpg,False,94.42267272357448
data_lits/data_C3/images_C3/image88_slice433.jpg,False,85.57946606546861
data_lits/data_C3/images_C3/image88_slice434.jpg,False,77.5285222698125
data_lits/data_C3/images_C3/image88_slice435.jpg,False,73.1503809259093
data_lits/data_C3/images_C3/image88_slice436.jpg,False,64.66961733250135
data_lits/data_C3/images_C3/image88_slice437.jpg,False,53.95703243553897
data_lits/data_C3/images_C3/image88_slice438.jpg,False,53.03750415553566
data_lits/data_C3/images_C3/image88_slice439.jpg,False,51.52975729334089
data_lits/data_C3/images_C3/image88_slice440.jpg,False,50.75708071341305
data_lits/data_C3/images_C3/image88_slice441.jpg,False,49.41528171419193
data_lits/data_C3/images_C3/image88_slice442.jpg,False,48.773503269480805
data_lits/data_C3/images_C3/image88_slice443.jpg,False,48.02748585867803
data_lits/data_C3/images_C3/image88_slice444.jpg,False,47.024586940663106
data_lits/data_C3/images_C3/image88_slice445.jpg,False,46.29546753098347
data_lits/data_C3/images_C3/image88_slice446.jpg,False,43.38785911137823
data_lits/data_C3/images_C3/image88_slice447.jpg,False,40.55430782502976
data_lits/data_C3/images_C3/image88_slice448.jpg,False,41.226964806418025
data_lits/data_C3/images_C3/image88_slice449.jpg,False,41.28053118330566
data_lits/data_C3/images_C3/image88_slice450.jpg,False,41.44615424678071
data_lits/data_C3/images_C3/image88_slice451.jpg,False,41.13292462983167
data_lits/data_C3/images_C3/image88_slice452.jpg,False,40.81616802554234
data_lits/data_C3/images_C3/image88_slice453.jpg,False,40.59314443184723
data_lits/data_C3/images_C3/image88_slice454.jpg,False,40.70221927790659
data_lits/data_C3/images_C3/image88_slice455.jpg,False,42.15293849089491
data_lits/data_C3/images_C3/image88_slice456.jpg,False,43.50541322408177
data_lits/data_C3/images_C3/image88_slice457.jpg,False,45.725668099497376
data_lits/data_C3/images_C3/image88_slice458.jpg,False,47.52354966081379
data_lits/data_C3/images_C3/image88_slice459.jpg,False,50.378000501920646
data_lits/data_C3/images_C3/image88_slice460.jpg,False,52.626261990086725
data_lits/data_C3/images_C3/image88_slice461.jpg,False,53.945145142560165
data_lits/data_C3/images_C3/image88_slice462.jpg,False,54.797244346220815
data_lits/data_C3/images_C3/image88_slice463.jpg,False,55.992186675467266
data_lits/data_C3/images_C3/image88_slice464.jpg,False,56.24721379617904
data_lits/data_C3/images_C3/image88_slice465.jpg,False,55.1443681927186
data_lits/data_C3/images_C3/image88_slice466.jpg,False,55.799389473807224
data_lits/data_C3/images_C3/image88_slice467.jpg,False,56.281168752441644
data_lits/data_C3/images_C3/image88_slice468.jpg,False,56.06681042617061
data_lits/data_C3/images_C3/image88_slice469.jpg,False,59.349406254855396
data_lits/data_C3/images_C3/image88_slice470.jpg,False,61.67012934295257
data_lits/data_C3/images_C3/image88_slice471.jpg,False,64.19255060993117
data_lits/data_C3/images_C3/image88_slice472.jpg,False,69.07365462511366
data_lits/data_C3/images_C3/image88_slice473.jpg,False,72.1930483916954
data_lits/data_C3/images_C3/image88_slice474.jpg,False,75.19214588779452
data_lits/data_C3/images_C3/image88_slice475.jpg,False,79.93169898768143
data_lits/data_C3/images_C3/image88_slice476.jpg,False,101.23919216701879
data_lits/data_C3/images_C3/image88_slice477.jpg,False,130.07729130180968
data_lits/data_C3/images_C3/image88_slice478.jpg,False,158.83475859971438
data_lits/data_C3/images_C3/image88_slice479.jpg,False,214.44475811625816
data_lits/data_C3/images_C3/image88_slice480.jpg,False,255.12944113033421
data_lits/data_C3/images_C3/image88_slice481.jpg,False,322.3035346643973
data_lits/data_C3/images_C3/image88_slice482.jpg,False,441.8536952943743
data_lits/data_C3/images_C3/image88_slice483.jpg,False,577.3847549125459
data_lits/data_C3/images_C3/image88_slice484.jpg,False,630.248906320712
data_lits/data_C3/images_C3/image88_slice485.jpg,False,733.8132718590483
data_lits/data_C3/images_C3/image88_slice486.jpg,True,1034.8430243358723
data_lits/data_C3/images_C3/image88_slice487.jpg,True,1735.0166112956806
data_lits/data_C3/images_C3/image88_slice488.jpg,True,1904.8991223070784
data_lits/data_C3/images_C3/image88_slice489.jpg,True,2306.4909254019735
data_lits/data_C3/images_C3/image88_slice490.jpg,True,4120.7446677351745
